service_state,service_icons,host,svc_plugin_output,perfometer
CRIT,NOT_CSV_EXPORTABLE,dub1ws3209.corp.ad.tullib.com,service not found,
CRIT,NOT_CSV_EXPORTABLE,dub1ws5220.corp.ad.tullib.com,service not found,
CRIT,NOT_CSV_EXPORTABLE,tor1ws1647.corp.ad.tullib.com,CrowdStrike Falcon Sensor Service: stopped (start type is auto),
CRIT,NOT_CSV_EXPORTABLE,tor1ws6604.corp.ad.tullib.com,CrowdStrike Falcon Sensor Service: stopped (start type is auto),
PEND,NOT_CSV_EXPORTABLE,ldntmstest1.corp.ad.tullib.com,,
PEND,NOT_CSV_EXPORTABLE,ldnuodtrgw01.eur.ad.tullib.com,,
CRIT,NOT_CSV_EXPORTABLE,syd1ws5069.corp.ad.tullib.com,service not found,
CRIT,NOT_CSV_EXPORTABLE,SEO1WS2795.CORP.AD.TULLIB.COM,service not found,
CRIT,NOT_CSV_EXPORTABLE,euw1ws0455.ebdev.tpebroking.com,service not found,
CRIT,NOT_CSV_EXPORTABLE,ldn1ws033n01.corp.ad.tullib.com,service not found,
PEND,NOT_CSV_EXPORTABLE,ldn1ws0073.corp.ad.tullib.com,,
PEND,NOT_CSV_EXPORTABLE,ldn1ws0078.corp.ad.tullib.com,,
PEND,NOT_CSV_EXPORTABLE,ldn1ws0281.corp.ad.tullib.com,,
PEND,NOT_CSV_EXPORTABLE,ldn1ws0449.corp.ad.tullib.com,,
CRIT,NOT_CSV_EXPORTABLE,ldn1ws3964.corp.ad.tullib.com,service not found,
CRIT,NOT_CSV_EXPORTABLE,ldn1ws9678.corp.ad.tullib.com,service not found,
CRIT,NOT_CSV_EXPORTABLE,br00wdevweb01h.br.icap.com,service not found,
CRIT,NOT_CSV_EXPORTABLE,br00wsinapp01t.br.icap.com,CrowdStrike Falcon Sensor Service: stopped (start type is auto),
CRIT,NOT_CSV_EXPORTABLE,njc1ws6272.corp.ad.tullib.com,service not found,
CRIT,NOT_CSV_EXPORTABLE,SNG1WS2529.CORP.AD.TULLIB.COM,service not found,
CRIT,NOT_CSV_EXPORTABLE,SNG1WS2780.CORP.AD.TULLIB.COM,service not found,
CRIT,NOT_CSV_EXPORTABLE,SNG1WS4422.CORP.AD.TULLIB.COM,service not found,
CRIT,NOT_CSV_EXPORTABLE,SNG1WS4545.CORP.AD.TULLIB.COM,service not found,
PEND,NOT_CSV_EXPORTABLE,ldn2ws0059,,
CRIT,NOT_CSV_EXPORTABLE,ldn2ws0075.corp.ad.tullib.com,service not found,
CRIT,NOT_CSV_EXPORTABLE,ldn2ws0150.corp.ad.tullib.com,CrowdStrike Falcon Sensor Service: stopped (start type is auto),
CRIT,NOT_CSV_EXPORTABLE,ldnnslog01.eur.ad.tullib.com,service not found,
CRIT,NOT_CSV_EXPORTABLE,syd1ws0009.corp.ad.tullib.com,service not found,
CRIT,NOT_CSV_EXPORTABLE,syd1ws0017.corp.ad.tullib.com,service not found,
CRIT,NOT_CSV_EXPORTABLE,syd1ws0018.corp.ad.tullib.com,service not found,
CRIT,NOT_CSV_EXPORTABLE,syd1ws1884.corp.ad.tullib.com,service not found,
CRIT,NOT_CSV_EXPORTABLE,syd1ws2725.corp.ad.tullib.com,service not found,
CRIT,NOT_CSV_EXPORTABLE,syd1ws4490.corp.ad.tullib.com,service not found,
CRIT,NOT_CSV_EXPORTABLE,syd1ws5026.corp.ad.tullib.com,service not found,
CRIT,NOT_CSV_EXPORTABLE,syd1ws5262.corp.ad.tullib.com,service not found,
CRIT,NOT_CSV_EXPORTABLE,syd1ws6308.corp.ad.tullib.com,service not found,
CRIT,NOT_CSV_EXPORTABLE,syd1ws6479.corp.ad.tullib.com,service not found,
CRIT,NOT_CSV_EXPORTABLE,syd1ws7318.corp.ad.tullib.com,service not found,
CRIT,NOT_CSV_EXPORTABLE,syd1ws7366.corp.ad.tullib.com,service not found,
CRIT,NOT_CSV_EXPORTABLE,syd1ws7529.corp.ad.tullib.com,service not found,
CRIT,NOT_CSV_EXPORTABLE,syd1ws7659.corp.ad.tullib.com,service not found,
CRIT,NOT_CSV_EXPORTABLE,syd1ws9999.corp.ad.tullib.com,service not found,
CRIT,NOT_CSV_EXPORTABLE,sydpvrclog03.corp.ad.tullib.com,service not found,
PEND,NOT_CSV_EXPORTABLE,sydpvrcmed01.corp.ad.tullib.com,,
CRIT,NOT_CSV_EXPORTABLE,syd2ws3027.corp.ad.tullib.com,CrowdStrike Falcon Sensor Service: stopped (start type is auto),
CRIT,NOT_CSV_EXPORTABLE,syd2ws5799.corp.ad.tullib.com,service not found,
CRIT,NOT_CSV_EXPORTABLE,syd2ws9006.corp.ad.tullib.com,service not found,
CRIT,NOT_CSV_EXPORTABLE,SYD2WS9998.corp.ad.tullib.com,service not found,
CRIT,NOT_CSV_EXPORTABLE,hkg1ws1286.corp.ad.tullib.com,service not found,
CRIT,NOT_CSV_EXPORTABLE,hkg1ws5075,service not found,
CRIT,NOT_CSV_EXPORTABLE,SEO1WS0001.corp.ad.tullib.com,service not found,
CRIT,NOT_CSV_EXPORTABLE,seo1ws002n01.corp.ad.tullib.com,service not found,
CRIT,NOT_CSV_EXPORTABLE,seo1ws002n02.corp.ad.tullib.com,service not found,
CRIT,NOT_CSV_EXPORTABLE,seo1ws003n01.corp.ad.tullib.com,service not found,
CRIT,NOT_CSV_EXPORTABLE,seo1ws003n02.corp.ad.tullib.com,service not found,
CRIT,NOT_CSV_EXPORTABLE,seo1ws4180.corp.ad.tullib.com,service not found,
CRIT,NOT_CSV_EXPORTABLE,sltsfs01-vm.apac.ad.tullib.com,service not found,
CRIT,NOT_CSV_EXPORTABLE,SNG2WS1597.corp.ad.tullib.com,service not found,
CRIT,NOT_CSV_EXPORTABLE,TOK1WS5153.corp.ad.tullib.com,service not found,
CRIT,NOT_CSV_EXPORTABLE,TOK1WS6211.corp.ad.tullib.com,service not found,
CRIT,NOT_CSV_EXPORTABLE,ec2amaz-7tnufu3.global.icap.com,service not found,
CRIT,NOT_CSV_EXPORTABLE,ec2amaz-nvho6hh.global.icap.com,service not found,
CRIT,NOT_CSV_EXPORTABLE,euw1ws0039.ad.tradeblade.com,service not found,
CRIT,NOT_CSV_EXPORTABLE,euw1ws0183.ad.tradeblade.com,service not found,
CRIT,NOT_CSV_EXPORTABLE,euw1ws0196.corp.ad.tullib.com,service not found,
CRIT,NOT_CSV_EXPORTABLE,euw1ws0214.ad.tradeblade.com,service not found,
CRIT,NOT_CSV_EXPORTABLE,euw1ws0215.ad.tradeblade.com,service not found,
CRIT,NOT_CSV_EXPORTABLE,euw1ws0216.ad.tradeblade.com,service not found,
CRIT,NOT_CSV_EXPORTABLE,euw1ws0217.ad.tradeblade.com,service not found,
CRIT,NOT_CSV_EXPORTABLE,euw1ws0218.ad.tradeblade.com,service not found,
CRIT,NOT_CSV_EXPORTABLE,euw1ws0227.ad.tradeblade.com,service not found,
CRIT,NOT_CSV_EXPORTABLE,euw1ws0234.ad.tradeblade.com,service not found,
CRIT,NOT_CSV_EXPORTABLE,euw1ws0240.ad.tradeblade.com,service not found,
CRIT,NOT_CSV_EXPORTABLE,euw1ws0243.ad.tradeblade.com,service not found,
CRIT,NOT_CSV_EXPORTABLE,euw1ws0245.ad.tradeblade.com,service not found,
CRIT,NOT_CSV_EXPORTABLE,euw1ws0252.ad.tradeblade.com,service not found,
CRIT,NOT_CSV_EXPORTABLE,euw1ws0255.ad.tradeblade.com,service not found,
CRIT,NOT_CSV_EXPORTABLE,euw1ws0256.ad.tradeblade.com,service not found,
CRIT,NOT_CSV_EXPORTABLE,euw1ws0258.ad.tradeblade.com,service not found,
CRIT,NOT_CSV_EXPORTABLE,euw1ws0261.ad.tradeblade.com,service not found,
CRIT,NOT_CSV_EXPORTABLE,euw1ws0264.ad.tradeblade.com,service not found,
CRIT,NOT_CSV_EXPORTABLE,euw1ws0265.ad.tradeblade.com,service not found,
CRIT,NOT_CSV_EXPORTABLE,euw1ws0273.ad.tradeblade.com,service not found,
CRIT,NOT_CSV_EXPORTABLE,euw1ws0277.ad.tradeblade.com,service not found,
CRIT,NOT_CSV_EXPORTABLE,euw1ws0279.ad.tradeblade.com,service not found,
CRIT,NOT_CSV_EXPORTABLE,euw1ws0285.ad.tradeblade.com,service not found,
CRIT,NOT_CSV_EXPORTABLE,euw1ws0308.ad.tradeblade.com,service not found,
CRIT,NOT_CSV_EXPORTABLE,euw1ws0310.ad.tradeblade.com,service not found,
CRIT,NOT_CSV_EXPORTABLE,euw1ws0311.ad.tradeblade.com,service not found,
CRIT,NOT_CSV_EXPORTABLE,euw1ws0315.ad.tradeblade.com,service not found,
CRIT,NOT_CSV_EXPORTABLE,euw1ws0317.ad.tradeblade.com,service not found,
CRIT,NOT_CSV_EXPORTABLE,euw1ws0323.ad.tradeblade.com,service not found,
CRIT,NOT_CSV_EXPORTABLE,euw1ws0326.ad.tradeblade.com,service not found,
CRIT,NOT_CSV_EXPORTABLE,euw1ws0330.ad.tradeblade.com,service not found,
CRIT,NOT_CSV_EXPORTABLE,euw1ws0339.ad.tradeblade.com,service not found,
CRIT,NOT_CSV_EXPORTABLE,euw1ws0345.ad.tradeblade.com,service not found,
CRIT,NOT_CSV_EXPORTABLE,euw1ws0354.ad.tradeblade.com,service not found,
CRIT,NOT_CSV_EXPORTABLE,euw1ws0358.ad.tradeblade.com,service not found,
CRIT,NOT_CSV_EXPORTABLE,euw1ws0363.ad.tradeblade.com,service not found,
CRIT,NOT_CSV_EXPORTABLE,euw1ws0368.ad.tradeblade.com,service not found,
CRIT,NOT_CSV_EXPORTABLE,euw1ws0371.ad.tradeblade.com,service not found,
CRIT,NOT_CSV_EXPORTABLE,euw1ws0380.ad.tradeblade.com,service not found,
CRIT,NOT_CSV_EXPORTABLE,euw1ws0381.ad.tradeblade.com,service not found,
CRIT,NOT_CSV_EXPORTABLE,euw1ws0382.ad.tradeblade.com,service not found,
CRIT,NOT_CSV_EXPORTABLE,euw1ws0396.ad.tradeblade.com,service not found,
CRIT,NOT_CSV_EXPORTABLE,euw1ws0399.ad.tradeblade.com,service not found,
CRIT,NOT_CSV_EXPORTABLE,euw1ws0408.ad.tradeblade.com,service not found,
CRIT,NOT_CSV_EXPORTABLE,euw1ws0409.ad.tradeblade.com,service not found,
CRIT,NOT_CSV_EXPORTABLE,euw1ws0418.ad.tradeblade.com,service not found,
CRIT,NOT_CSV_EXPORTABLE,euw1ws0426.ad.tradeblade.com,service not found,
CRIT,NOT_CSV_EXPORTABLE,euw1ws0430.ad.tradeblade.com,service not found,
CRIT,NOT_CSV_EXPORTABLE,euw1ws0435.ad.tradeblade.com,service not found,
CRIT,NOT_CSV_EXPORTABLE,euw1ws0437.ad.tradeblade.com,service not found,
CRIT,NOT_CSV_EXPORTABLE,euw1ws0449.ad.tradeblade.com,service not found,
CRIT,NOT_CSV_EXPORTABLE,euw1ws0458.ad.tradeblade.com,service not found,
CRIT,NOT_CSV_EXPORTABLE,euw1ws0459.ad.tradeblade.com,service not found,
CRIT,NOT_CSV_EXPORTABLE,euw1ws0463.ad.tradeblade.com,service not found,
CRIT,NOT_CSV_EXPORTABLE,euw1ws0473.ad.tradeblade.com,service not found,
CRIT,NOT_CSV_EXPORTABLE,euw1ws0475.ad.tradeblade.com,service not found,
CRIT,NOT_CSV_EXPORTABLE,euw1ws0477.ad.tradeblade.com,service not found,
CRIT,NOT_CSV_EXPORTABLE,euw1ws0487.ad.tradeblade.com,service not found,
CRIT,NOT_CSV_EXPORTABLE,euw1ws0494.ad.tradeblade.com,service not found,
CRIT,NOT_CSV_EXPORTABLE,euw1ws0499.ad.tradeblade.com,service not found,
CRIT,NOT_CSV_EXPORTABLE,euw1ws0500.ad.tradeblade.com,service not found,
CRIT,NOT_CSV_EXPORTABLE,ldn1ws0006,service not found,
CRIT,NOT_CSV_EXPORTABLE,ldn1ws0027,service not found,
CRIT,NOT_CSV_EXPORTABLE,LDN1WS0160.corp.ad.tullib.com,service not found,
CRIT,NOT_CSV_EXPORTABLE,ldn1ws0168.eur.ad.tullib.com,service not found,
CRIT,NOT_CSV_EXPORTABLE,ldn1ws0184.corp.ad.tullib.com,service not found,
CRIT,NOT_CSV_EXPORTABLE,ldn1ws0203,service not found,
CRIT,NOT_CSV_EXPORTABLE,ldn1ws0356.global.icap.com,CrowdStrike Falcon Sensor Service: stopped (start type is auto),
CRIT,NOT_CSV_EXPORTABLE,ldn1ws0616.corp.ad.tullib.com,service not found,
CRIT,NOT_CSV_EXPORTABLE,ldn1ws1049.ad.tradeblade.com,service not found,
CRIT,NOT_CSV_EXPORTABLE,ldn1ws2762.corp.ad.tullib.com,service not found,
CRIT,NOT_CSV_EXPORTABLE,ldn1ws4309.corp.ad.tullib.com,service not found,
CRIT,NOT_CSV_EXPORTABLE,ldn1ws7923.corp.ad.tullib.com,service not found,
CRIT,NOT_CSV_EXPORTABLE,ldnpinfca01.eur.ad.tullib.com,service not found,
CRIT,NOT_CSV_EXPORTABLE,uk1cvcitxvda07.lnholdings.com,service not found,
CRIT,NOT_CSV_EXPORTABLE,uk1cvcitxvdc01.lnholdings.com,service not found,
CRIT,NOT_CSV_EXPORTABLE,uk1cvcitxvdc02.lnholdings.com,service not found,
CRIT,NOT_CSV_EXPORTABLE,uk1cvcitxvdc03.lnholdings.com,service not found,
CRIT,NOT_CSV_EXPORTABLE,br00winfapp02p.br.icap.com,service not found,
CRIT,NOT_CSV_EXPORTABLE,br00winffss02p.br.icap.com,service not found,
CRIT,NOT_CSV_EXPORTABLE,br00winfsql01p.br.icap.com,service not found,
CRIT,NOT_CSV_EXPORTABLE,br00wsncapp01p.br.icap.com,service not found,
CRIT,NOT_CSV_EXPORTABLE,br00wsncapp02p.br.icap.com,service not found,
CRIT,NOT_CSV_EXPORTABLE,br01wiisweb01p.na.ad.tullib.com,service not found,
CRIT,NOT_CSV_EXPORTABLE,br01wiisweb02p.br.icap.com,service not found,
PEND,NOT_CSV_EXPORTABLE,br01wimsapp06p.br.icap.com,,
PEND,NOT_CSV_EXPORTABLE,br01wstoapp01p.br.icap.com,,
CRIT,NOT_CSV_EXPORTABLE,brz1ws2692.corp.ad.tullib.com,service not found,
CRIT,NOT_CSV_EXPORTABLE,brz1ws4465.corp.ad.tullib.com,service not found,
CRIT,NOT_CSV_EXPORTABLE,njc1ws020n01.ad.tradeblade.com,service not found,
CRIT,NOT_CSV_EXPORTABLE,njc1ws1224,CrowdStrike Falcon Sensor Service: stopped (start type is auto),
CRIT,NOT_CSV_EXPORTABLE,njc1ws1726.ad.tradeblade.com,service not found,
PEND,NOT_CSV_EXPORTABLE,njc1ws2478.corp.ad.tullib.com,,
CRIT,NOT_CSV_EXPORTABLE,njc1ws6518.corp.ad.tullib.com,CrowdStrike Falcon Sensor Service: stopped (start type is auto),
CRIT,NOT_CSV_EXPORTABLE,njc1ws6628.corp.ad.tullib.com,service not found,
CRIT,NOT_CSV_EXPORTABLE,njc1ws7540.ad.tradeblade.com,service not found,
CRIT,NOT_CSV_EXPORTABLE,njc1ws7797.ad.tradeblade.com,service not found,
PEND,NOT_CSV_EXPORTABLE,njcpsomsvr01.na.ad.tullib.com,,
PEND,NOT_CSV_EXPORTABLE,njcpsossvr01.na.ad.tullib.com,,
CRIT,NOT_CSV_EXPORTABLE,rio1ws1034.corp.ad.tullib.com,service not found,
CRIT,NOT_CSV_EXPORTABLE,rio1ws1070.corp.ad.tullib.com,service not found,
CRIT,NOT_CSV_EXPORTABLE,rio1ws1213.corp.ad.tullib.com,service not found,
CRIT,NOT_CSV_EXPORTABLE,rio1ws1458.corp.ad.tullib.com,service not found,
CRIT,NOT_CSV_EXPORTABLE,rio1ws1917.corp.ad.tullib.com,service not found,
CRIT,NOT_CSV_EXPORTABLE,rio1ws2090.corp.ad.tullib.com,service not found,
CRIT,NOT_CSV_EXPORTABLE,rio1ws2297.corp.ad.tullib.com,service not found,
CRIT,NOT_CSV_EXPORTABLE,rio1ws2488.corp.ad.tullib.com,service not found,
CRIT,NOT_CSV_EXPORTABLE,rio1ws2657.corp.ad.tullib.com,service not found,
CRIT,NOT_CSV_EXPORTABLE,rio1ws3314.corp.ad.tullib.com,service not found,
CRIT,NOT_CSV_EXPORTABLE,rio1ws3344.corp.ad.tullib.com,service not found,
CRIT,NOT_CSV_EXPORTABLE,rio1ws3913.corp.ad.tullib.com,service not found,
CRIT,NOT_CSV_EXPORTABLE,rio1ws3996.corp.ad.tullib.com,service not found,
CRIT,NOT_CSV_EXPORTABLE,rio1ws4705.corp.ad.tullib.com,service not found,
CRIT,NOT_CSV_EXPORTABLE,rio1ws4825.corp.ad.tullib.com,service not found,
CRIT,NOT_CSV_EXPORTABLE,rio1ws5610.corp.ad.tullib.com,service not found,
CRIT,NOT_CSV_EXPORTABLE,rio1ws5734.corp.ad.tullib.com,service not found,
CRIT,NOT_CSV_EXPORTABLE,rio1ws6088.corp.ad.tullib.com,service not found,
CRIT,NOT_CSV_EXPORTABLE,rio1ws6098.corp.ad.tullib.com,service not found,
CRIT,NOT_CSV_EXPORTABLE,rio1ws7526.corp.ad.tullib.com,service not found,
CRIT,NOT_CSV_EXPORTABLE,rio2ws040n02.corp.ad.tullib.com,service not found,
CRIT,NOT_CSV_EXPORTABLE,rio2ws041n02.corp.ad.tullib.com,service not found,
CRIT,NOT_CSV_EXPORTABLE,sao1ws040n01.corp.ad.tullib.com,service not found,
CRIT,NOT_CSV_EXPORTABLE,sao1ws041n01.corp.ad.tullib.com,service not found,
CRIT,NOT_CSV_EXPORTABLE,njc2ws020n02.ad.tradeblade.com,service not found,
CRIT,NOT_CSV_EXPORTABLE,njc2ws0929.ad.tradeblade.com,service not found,
CRIT,NOT_CSV_EXPORTABLE,njc2ws1571.lnholdings.com,service not found,
PEND,NOT_CSV_EXPORTABLE,njc2ws3812.corp.ad.tullib.com,,
CRIT,NOT_CSV_EXPORTABLE,njc2ws6325.corp.ad.tullib.com,service not found,
CRIT,NOT_CSV_EXPORTABLE,njc2ws7726.ad.tradeblade.com,service not found,
CRIT,NOT_CSV_EXPORTABLE,njc2ws7863.ad.tradeblade.com,service not found,
CRIT,NOT_CSV_EXPORTABLE,sg1spbsgdfwd02.corp.ad.tullib.com,CrowdStrike Falcon Sensor Service: stopped (start type is auto),
CRIT,NOT_CSV_EXPORTABLE,sltprbripsi01.corp.ad.tullib.com,service not found,
CRIT,NOT_CSV_EXPORTABLE,sltprbripsi02.corp.ad.tullib.com,service not found,
CRIT,NOT_CSV_EXPORTABLE,sltprbripsi03.corp.ad.tullib.com,service not found,
CRIT,NOT_CSV_EXPORTABLE,sltprbripsi04.corp.ad.tullib.com,service not found,
CRIT,NOT_CSV_EXPORTABLE,sltprbripsi05.corp.ad.tullib.com,service not found,
CRIT,NOT_CSV_EXPORTABLE,sltprbripsi06.corp.ad.tullib.com,service not found,
CRIT,NOT_CSV_EXPORTABLE,sltprbrvoip01.corp.ad.tullib.com,service not found,
CRIT,NOT_CSV_EXPORTABLE,sltprbrvoip02.corp.ad.tullib.com,service not found,
CRIT,NOT_CSV_EXPORTABLE,sng1ws0011.corp.ad.tullib.com,service not found,
CRIT,NOT_CSV_EXPORTABLE,SNG1WS1442.corp.ad.tullib.com,service not found,
CRIT,NOT_CSV_EXPORTABLE,sng1ws4661.corp.ad.tullib.com,service not found,
